"STAR_KEY"|"star"|"Distance From The Sun"|"Star Temperature"|"Star Mass"|"Radius"|"Relative Luminosity"|"Stellar Type"
7467|"Aljanah"|802,311|2428|0,3|0,3|0,04|"M|2|V"
2935|"Scarabian Cosmos"|1061,91|5379|0,8|1,15|0,66|"G|5|V"
546|"Gumala"|583|2760|0,1|0|0,07|"M|6|V"
683|"Radiara"|162,36|5608|1|1,07|0,87|"G|4|V"
2764|"Unukalhai"|429,55|2602|0,2|0,55|0,03|"M|0|V"
7966|"Samurai's Mirage"|293|5353|0,9|0,98|0,62|"G|4|V"
8600|"Starglow Spectra"|400,2|5273|0,9|1,11|1|"G|4|V"
7011|"Isis' Celestial"|296,6|2444|0,4|0,46|0|"M|3|V"
5273|"Cerulean Cryptic"|64,98|2556|0,4|0,68|0,07|"M|1|V"
9996|"Ryusei"|8,16|5438|0,9|1,09|1,1|"G|5|V"
7148|"Sakura's Silence"|63|2545|0,4|0,6|0,07|"M|5|V"
7936|"Hoshizora"|16,6|2607|0,2|0,15|0,02|"M|3|V"
3090|"Fang"|112,7|2829|0,2|0,43|0,02|"M|2|V"
5489|"Parumleo"|5630|2536|0,3|0,67|0,05|"M|1|V"
5038|"Spica"|421,745|2856|0,3|0,4|0,07|"M|1|V"
540|"Cebalrai"|15,2528|2529|0,3|0,45|0,06|"M|2|V"
6170|"Astral Serenity"|165,393|5761|0,9|1,04|1,11|"G|2|V"
4843|"Ascella"|187,222|2844|0,2|0,25|0|"M|4|V"
6736|"Zenithariana"|6400|4123|0,6|0,79|0,56|"K|3|V"
2971|"Ancha"|1336,21|2642|0,4|0,51|0,05|"M|5|V"
1145|"Absolutno"|511,95|5761|0,9|1|0,82|"G|2|V"
6464|"Galaxara"|116|3259|0,2|0,31|0,03|"M|1|V"
8602|"Eclipsara"|144|2455|0,4|0,6|0,08|"M|7|V"
9226|"Dubhe"|442,813|4379|0,7|0,74|0,37|"K|2|V"
183|"Ebon Cosmos"|1087,43|4666|0,6|0,94|0,39|"K|2|V"
6711|"Cosmogon Enigma"|328,4|3502|0,2|0,32|0,07|"M|0|V"
2204|"Etherionara"|39,46|5287|0,9|0,98|1,09|"G|2|V"
7503|"Nebulion"|597,943|4846|0,5|0,8|0,25|"K|2|V"
5891|"Aldebaran"|322|2531|0,2|0,44|0,05|"M|7|V"
3083|"Vortexian"|611,041|2760|0,3|0,22|0,04|"M|1|V"
5753|"Sylvari"|24,75|2716|0,1|0,25|0,07|"M|5|V"
8712|"Cosmic Shadows"|211,4|4825|0,6|0,85|0,09|"K|2|V"
4361|"Asellus Australis"|644,579|2849|0,4|0,2|0,07|"M|1|V"
9003|"Pulsariax"|1107,98|4484|0,6|0,95|0,56|"K|3|V"
9561|"Tania Borealis"|48,36|4350|0,7|0,75|0,5|"K|0|V"
5719|"Rastaban"|695,58|2744|0,1|0,09|0,06|"M|4|V"
7465|"Celaeno"|297|5212|0,9|1,11|0,75|"G|2|V"
4846|"Mjornir"|23,606|2634|0,4|0,08|0,01|"M|5|V"
4790|"Tsubasa Echoes"|11,8186|3804|0,6|0,85|0,29|"K|2|V"
2579|"Exoplantra"|143,08|5590|1|0,99|1,17|"G|4|V"
1603|"Amadioha"|789|2647|0,2|0,02|0,06|"M|3|V"
3570|"Dziban"|389,3|2664|0,1|0,28|0,05|"M|3|V"
7116|"Novaflare"|7700|2812|0,4|0,1|0,01|"M|3|V"
4819|"Komorebi Cascade"|942,863|2471|0,4|0,62|0,03|"M|4|V"
9453|"Arkab Prior"|7200|5409|0,9|1|1,15|"G|2|V"
9466|"Achernar"|350|2458|0,3|0,68|0,01|"M|4|V"
5091|"Sargas"|716,62|4222|0,7|0,75|0,39|"K|5|V"
1854|"Astrolithium"|195,149|5320|1|0,98|1,17|"G|5|V"
3449|"Tangra"|43,6002|2675|0,4|0,47|0,06|"M|5|V"
2842|"Nushagak"|209,309|2976|0,3|0,37|0,04|"M|2|V"
9005|"Zubeneschamali"|1501,73|2607|0,3|0,38|0,07|"M|2|V"
8778|"Stellarnova"|44,48|2844|0,4|0,13|0,04|"M|2|V"
9283|"Kaze Celestial"|1441,34|4805|0,7|0,93|0,53|"K|2|V"
6347|"Hannya Cosmos"|741,84|3045|0,4|0,59|0,06|"M|3|V"
6616|"Fjordr"|821,828|2973|0,2|0,31|0,08|"M|2|V"
9163|"Berserkr"|80,9|3979|0,8|0,89|0,54|"K|7|V"
6558|"Ronin's Horizon"|197,2|2785|0,1|0,45|0,04|"M|5|V"
3833|"Celestial Echo"|773,85|3459|0,4|0,7|0,08|"M|1|V"
4725|"Marsic"|1302,42|3252|0,3|0,32|0,02|"M|2|V"
2457|"Tsukiyo"|27,39|3921|0,6|0,84|0,09|"K|7|V"
8398|"Nefertiti's Beacon"|1124,1|3936|0,7|0,83|0,15|"K|7|V"
7504|"Grumium"|500,225|3233|0,2|0,67|0,07|"M|2|V"
3884|"Novaflame"|340,24|4312|0,8|0,73|0,5|"K|2|V"
6780|"Vorpal Abyss"|1434,42|2659|0,4|0,19|0,07|"M|0|V"
9717|"Asahi Horizon"|285,584|2544|0,1|0,36|0,05|"M|5|V"
2006|"Torii Celestial"|441,56|5593|1|1,07|0,97|"G|4|V"
2793|"Lunar Quasar"|696,573|4365|0,7|0,91|0,37|"K|5|V"
5146|"Okab"|1334,4|2559|0,3|0,02|0,06|"M|1|V"
9122|"Scheat"|510,751|3250|0,3|0,62|0|"M|0|V"
5570|"Muphrid"|409,46|4408|0,5|0,73|0,27|"K|2|V"
4044|"Kasai"|474,25|5507|1|1,09|0,97|"G|4|V"
2560|"Sadalbari"|677,599|2950|0,4|0,23|0,04|"M|0|V"
503|"Frostbloom"|1736,95|2987|0,4|0,34|0|"M|0|V"
7222|"Cassionara"|134,833|2483|0,1|0,59|0,04|"M|4|V"
9550|"Cosmic Enigma"|21,8182|5382|1|1,06|0,7|"G|4|V"
965|"Shinju Serenity"|94|2501|0,3|0,4|0,06|"M|5|V"
7626|"Pharaoh's Veil"|24,36|2513|0,3|0,17|0,04|"M|8|V"
9193|"Rasalas"|88,8|2688|0,2|0,2|0,08|"M|4|V"
1632|"Cleopatra's Resonance"|800,07|5393|0,9|1,1|1,13|"G|2|V"
3366|"Titanium Enigma"|811,74|2950|0,2|0,6|0,04|"M|5|V"
1494|"Nebulithium"|38,6846|4278|0,8|0,92|0,55|"K|3|V"
8783|"Denebola"|1433,49|2788|0,2|0,33|0,04|"M|4|V"
4158|"Syrma"|768,87|5761|0,9|1,05|1,31|"G|2|V"
820|"Ronin's Enigma"|36,52|2417|0,1|0,37|0,04|"M|5|V"
6411|"Mpingo"|990,44|2906|0,4|0,65|0,06|"M|4|V"
2862|"Seishin"|483,185|2637|0,4|0,58|0,02|"M|1|V"
1614|"Almaaz"|956,755|3255|0,2|0,02|0,02|"M|1|V"
8355|"Sekhmet's Mirage"|863,1852|5221|0,9|0,99|0,89|"G|2|V"
6787|"Frostgale"|1823,49|2647|0,2|0,08|0,07|"M|5|V"
9602|"Lunacraze"|79,5561|3741|0,5|0,74|0,3|"K|3|V"
2024|"Sheratan"|745,379|3733|0,7|0,84|0,6|"K|3|V"
4352|"Enso"|433|4683|0,5|0,74|0,23|"K|2|V"
6173|"Adhil"|418,848|2717|0,4|0,2|0,04|"M|3|V"
1200|"Naledi"|16,1|2520|0,1|0,09|0,04|"M|5|V"
1109|"Wyrmslayer"|12,21|5331|1|1,01|1,31|"G|2|V"
3305|"Yoru Ascendance"|772,83|2743|0,3|0,11|0,07|"M|5|V"
176|"Cor Caroli"|933,01|2444|0,3|0,55|0,07|"M|2|V"
2261|"Kitalpha"|926,269|3871|0,7|0,72|0,18|"K|1|V"
7157|"Heliconian Mirage"|653,595|4090|0,5|0,82|0,58|"K|2|V"
7794|"Kaze"|121,63|3226|0,2|0,54|0,05|"M|3|V"
3192|"Sabik"|53,6|2656|0,2|0,05|0,02|"M|5|V"
1959|"Sualocin"|178,5|3091|0,4|0,04|0,03|"M|2|V"
5974|"Sora Seraph"|1717,92|4048|0,6|0,96|0,28|"K|3|V"
7832|"Amansinaya"|497,537|2671|0,1|0,36|0,03|"M|4|V"
5067|"Zypheron"|78,24|2862|0,3|0,44|0,08|"M|2|V"
5077|"Kōkei Labyrinth"|165,105|2868|0,3|0,13|0,08|"M|5|V"
2523|"Amun-Ra Mirage"|175,71|4322|0,5|0,74|0,1|"K|5|V"
4969|"Stardrake"|26,7|2925|0,4|0,65|0,04|"M|1|V"
8537|"Guniibuu"|89|3822|0,5|0,79|0,55|"K|2|V"
3976|"Thunderpeak"|618,544|2784|0,3|0,35|0,08|"M|2|V"
8889|"Kaze Horizon"|803,71|4188|0,6|0,88|0,39|"K|5|V"
1217|"Schedar"|53,02|4034|0,7|0,71|0,23|"K|5|V"
5801|"Nebulae Cipher"|854,31|2919|0,2|0,51|0,07|"M|3|V"
1862|"Fulu"|667,022|2589|0,1|0,29|0,05|"M|6|V"
4600|"Umi Expanse"|470,3|2717|0,4|0,62|0,03|"M|5|V"
584|"Tabit"|478,263|2945|0,3|0,53|0,07|"M|3|V"
2776|"Liesma"|141,987|2479|0,3|0,67|0,01|"M|4|V"
161|"Kūkan Cascade"|381,199|5332|0,9|1,11|1,07|"G|5|V"
7441|"Galehelm"|128,3|5211|0,8|1,02|1,37|"G|5|V"
2407|"Cassionix"|6800|3103|0,2|0,17|0|"M|3|V"
2265|"Luminous Wraith"|326,2|2674|0,3|0,62|0,03|"M|7|V"
7982|"Acrux"|46,2|4024|0,7|0,72|0,15|"K|5|V"
2978|"Rana"|6000|3203|0,2|0,15|0|"M|1|V"
4443|"Orion's Echo"|187|4574|0,6|0,95|0,27|"K|3|V"
1622|"Nefertiti's Nebula"|661,32|2860|0,2|0,11|0,03|"M|4|V"
9049|"Galactic Prism"|42,2|3728|0,6|0,83|0,41|"K|3|V"
127|"Aquilan Cipher"|1402,72|2525|0,1|0,36|0,03|"M|1|V"
8174|"Montuno"|1353,36|3768|0,5|0,75|0,17|"K|7|V"
6345|"Rosaliadecastro"|219,95|2714|0,2|0,69|0,06|"M|5|V"
7931|"Aetherionyx"|1680,75|3970|0,7|0,7|0,25|"K|3|V"
2799|"Cosmosol"|267,74|2405|0,2|0,02|0,01|"M|8|V"
14|"Alshain"|151,731|3191|0,1|0,24|0,07|"M|3|V"
2957|"Wezen"|39,28|2801|0,3|0,15|0,05|"M|5|V"
8481|"Starglow Haven"|1204,8193|4732|0,7|0,71|0,18|"K|2|V"
7471|"Kaveh"|313,6|3311|0,1|0,68|0,04|"M|2|V"
7219|"Karaka"|890,234|2555|0,2|0,49|0,05|"M|3|V"
1064|"Nebulith"|187,8|3100|0,4|0,16|0,05|"M|2|V"
3856|"Gloas"|7010|2812|0,2|0,25|0,06|"M|1|V"
5925|"Mesarthim"|1493,94|3172|0,3|0,11|0,05|"M|2|V"
2144|"Illyrian"|1292,49|5258|1|1,11|0,67|"G|2|V"
1322|"Algorab"|187,15|5702|1|1,12|0,76|"G|2|V"
3378|"Rigil Kentaurus"|70,6424|4403|0,5|0,76|0,24|"K|3|V"
3061|"Ukiyo's Resonance"|200,727|3266|0,3|0,44|0,01|"M|2|V"
9933|"Alnitak"|519,82|3167|0,4|0,39|0,04|"M|3|V"
2317|"Secunda Hyadum"|83,29|2733|0,2|0,22|0,06|"M|5|V"
7874|"Aspidiske"|362,253|3295|0,4|0,51|0,05|"M|2|V"
8262|"Muliphein"|804,13|2528|0,4|0,43|0|"M|8|V"
7883|"Photonara"|905,825|2909|0,4|0,29|0,07|"M|3|V"
4847|"Miaplacidus"|1049,43|3088|0,4|0,48|0,07|"M|0|V"
4519|"Arcalís"|1253,43|3175|0,3|0,15|0,01|"M|3|V"
795|"Piautos"|820,21|2734|0,4|0,32|0,06|"M|3|V"
8271|"Icewind"|297,699|5427|1|1,11|1,19|"G|4|V"
6041|"Astroflux"|1697,5|3843|0,7|0,71|0,55|"K|4|V"
7255|"Kawa Enigma"|71,3|2458|0,2|0,44|0,05|"M|1|V"
7065|"Cleopatra's Expanse"|532,141|2847|0,4|0,49|0,04|"M|3|V"
3662|"Ravenfury"|61,7957|2468|0,2|0,1|0,07|"M|8|V"
3480|"Eagleeye"|35,7|2594|0,4|0,07|0,08|"M|2|V"
4242|"Ecliptix"|621,581|4180|0,6|0,81|0,19|"K|2|V"
6892|"Pulsar Seraph"|282,358|4713|0,8|0,87|0,4|"K|1|V"
2575|"Tonatiuh"|385,401|4922|0,5|0,9|0,42|"K|1|V"
8850|"Kornephoros"|271|2970|0,3|0,09|0,08|"M|5|V"
6754|"Crimson Void"|92|2784|0,4|0,38|0|"M|2|V"
841|"Hawkfire"|603,064|2969|0,3|0,09|0,03|"M|4|V"
4901|"Acrab"|472,947|2573|0,4|0,12|0,04|"M|2|V"
9653|"Pincoya"|659,395|3101|0,4|0,2|0,06|"M|3|V"
1106|"Bosona"|25,4|3379|0,3|0,14|0,03|"M|1|V"
4070|"Spectrion"|5080|3220|0,4|0,45|0,05|"M|1|V"
1288|"Caph"|231,3|2701|0,2|0,16|0,01|"M|5|V"
1907|"Pipoltr"|77,37|2681|0,1|0,55|0,02|"M|4|V"
1127|"Spectral Veil"|781,83|5143|0,8|0,82|0,17|"K|0|V"
6205|"Xamidimura"|777,182|3316|0,2|0,56|0,06|"M|1|V"
7567|"Stormrider"|131,21|2582|0,3|0,29|0,07|"M|5|V"
4048|"Skat"|380|4642|0,7|0,74|0,42|"K|0|V"
4159|"Chasoň"|189,56|3385|0,3|0,31|0,05|"M|2|V"
2416|"Yurei Celestial"|47,2|3497|0,1|0,25|0,06|"M|1|V"
1284|"Shaula"|1001,1|3060|0,3|0,19|0,05|"M|4|V"
4757|"Siriusith"|255,8|2447|0,3|0,21|0,05|"M|2|V"
2906|"Arkab Posterior"|870,322|2696|0,1|0,16|0,01|"M|5|V"
679|"Canopus"|10,783|4185|0,8|0,85|0,52|"K|6|V"
4795|"Nenque"|301,7|5616|0,9|1,1|1,13|"G|2|V"
7844|"Whalebone"|707,714|2696|0,3|0,12|0,05|"M|5|V"
9015|"Beemim"|74|3185|0,3|0,41|0,08|"M|2|V"
6308|"Shama"|1518,14|5623|1|1,01|1,13|"G|2|V"
366|"Cosmoflare"|399|2687|0,2|0,19|0,06|"M|5|V"
6090|"Hatysa"|476,3039|3160|0,2|0,37|0,05|"M|2|V"
5256|"Mirach"|504,93|2530|0,4|0,24|0,01|"M|4|V"
3987|"Fumalsamakah"|861,252|2732|0,4|0,42|0,05|"M|5|V"
9675|"Subra"|224,385|2595|0,1|0,38|0,06|"M|4|V"
8128|"Taiyangshou"|842,886|3702|0,8|0,94|0,17|"K|5|V"
6659|"Lusitânia"|657,2|2775|0,2|0,37|0,06|"M|3|V"
301|"Eonix"|107,118|2559|0,2|0,44|0,08|"M|1|V"
522|"Yozora"|7490|2583|0,4|0,28|0,03|"M|3|V"
796|"Tupã"|6500|5385|1|1|0,9|"G|5|V"
946|"Isis' Labyrinth"|770|2861|0,3|0,41|0,08|"M|3|V"
1281|"Hoggar"|180|5600|0,9|0,98|0,79|"G|2|V"
9195|"Lysian Nexus"|401,6|4512|0,7|0,87|0,18|"K|3|V"
3989|"Vortexara"|713,11|2582|0,4|0,42|0,07|"M|7|V"
9874|"Etherion"|55,8|2887|0,2|0,65|0,04|"M|2|V"
2930|"Astrophia"|626,4|5335|0,9|1,03|1,18|"G|2|V"
7429|"Edasich"|64,1|2780|0,2|0,04|0,05|"M|4|V"
125|"Alrescha"|492,951|2882|0,1|0,01|0,02|"M|3|V"
8525|"Solarflarex"|156,951|5519|1|1,04|1,27|"G|2|V"
9225|"Flegetonte"|100,96|3880|0,7|0,72|0,12|"K|6|V"
2208|"Kasumi Whisper"|310|2448|0,3|0,34|0,04|"M|0|V"
3677|"Nebula Mirage"|80|3944|0,5|0,72|0,55|"K|7|V"
3775|"Sakura Mirage"|1579,28|3969|0,7|0,78|0,09|"K|7|V"
9732|"Kasai Ember"|20,18|3799|0,6|0,85|0,47|"K|5|V"
9050|"Márohu"|409,602|3065|0,1|0|0,02|"M|4|V"
1608|"Sakuya Nebula"|561,929|3079|0,2|0,42|0|"M|1|V"
1326|"Lerna"|1143,38|3150|0,4|0,15|0,06|"M|1|V"
595|"Thalassa's Shroud"|1204,82|2719|0,3|0,21|0,04|"M|4|V"
9526|"Belel"|408,697|2463|0,4|0,63|0,04|"M|8|V"
1210|"Vesperian Crypt"|9,49|2758|0,2|0,21|0,08|"M|3|V"
4269|"Starlight Shroud"|114|3988|0,8|0,75|0,28|"K|7|V"
422|"Ankaa"|3,67|2477|0,1|0,34|0,02|"M|0|V"
934|"Theemin"|6320|2756|0,2|0,24|0,02|"M|6|V"
4011|"Praecipua"|27,5024|2774|0,3|0,18|0,04|"M|6|V"
8825|"Citadelle"|5,079|2640|0,2|0,64|0,06|"M|5|V"
3438|"Aurora Phantasm"|181|2580|0,2|0,61|0,06|"M|2|V"
5802|"Shogun's Echo"|938,615|3468|0,2|0,57|0,08|"M|0|V"
4006|"Alkalurops"|769,468|2635|0,4|0,11|0,07|"M|4|V"
102|"Taygeta"|156,6|3002|0,2|0,27|0,06|"M|0|V"
2643|"Luminastra"|7710|2973|0,3|0,25|0,05|"M|1|V"
8928|"Zavijava"|125,98|2603|0,2|0,11|0,03|"M|4|V"
6498|"Fawaris"|220|3290|0,3|0,27|0,03|"M|2|V"
4994|"Ashlesha"|326,4|2756|0,4|0,01|0,03|"M|2|V"
1183|"Sagarmatha"|1013,79|2555|0,1|0,02|0,01|"M|5|V"
1134|"Cosmic Elegance"|37,609|2819|0,2|0,61|0,03|"M|2|V"
6329|"Lunariara"|164|3295|0,1|0,63|0,07|"M|2|V"
9747|"Proxima Centauri"|104,93|5256|0,8|0,97|0,63|"G|3|V"
2274|"Brimwarden"|1354,65|2405|0,2|0,65|0|"M|4|V"
836|"Larawag"|1168,99|3456|0,4|0,3|0,06|"M|0|V"
9333|"Naos"|1286,01|3905|0,6|0,94|0,08|"K|3|V"
7434|"Alsephina"|59,5|2457|0,3|0,39|0,01|"M|2|V"
5467|"Meleph"|23,8839|2528|0,1|0,5|0,02|"M|7|V"
6543|"Astraflux"|672,47|2987|0,2|0,21|0,05|"M|4|V"
5264|"Baten Kaitos"|818,482|2448|0,2|0,09|0,02|"M|6|V"
3215|"Zenithria"|5650|2801|0,2|0,53|0,02|"M|2|V"
3607|"Homam"|55,6|2697|0,4|0,45|0,06|"M|4|V"
6541|"Bibhā"|37,2209|2475|0,2|0,12|0,04|"M|4|V"
964|"Ebla"|320,2|2896|0,2|0,55|0|"M|5|V"
6536|"Ma'at's Cascade"|750,93|5372|0,8|1,04|0,72|"G|4|V"
9816|"Quantum Quasar"|274,99|3070|0,1|0,53|0,04|"M|3|V"
1754|"Cosmoth"|10,89|5394|0,9|1,12|1,31|"G|5|V"
9884|"Ravenshadow"|7300|2938|0,2|0,43|0,05|"M|1|V"
6641|"Cujam"|343,23|5645|1|1,12|0,7|"G|2|V"
8182|"Stellaria Crypt"|30,8|2596|0,4|0,15|0,04|"M|3|V"
7206|"Helionis"|98,75|2665|0,1|0,2|0,05|"M|5|V"
9014|"Kurhah"|296|4235|0,6|0,81|0,39|"K|2|V"
8608|"Elysiumix"|1801,48|2786|0,4|0,39|0,02|"M|6|V"
3587|"Alpherg"|763,662|4767|0,5|0,85|0,56|"K|2|V"
118|"Berehynia"|6|2415|0,3|0,58|0,01|"M|3|V"
891|"Betelgeuse"|78,8|5239|1|1,07|0,99|"G|5|V"
902|"Algedi"|764,4|3052|0,3|0,48|0,03|"M|2|V"
7066|"Brimstone"|88|5447|0,8|1,01|1,29|"G|2|V"
2848|"Heliconian Whispers"|539|2403|0,2|0,44|0,02|"M|8|V"
2994|"Mahasim"|662,032|4053|0,5|0,84|0,47|"K|2|V"
9665|"Antares"|619,74|4222|0,7|0,79|0,46|"K|3|V"
2571|"Cerulean Abyss"|48,4809|2522|0,2|0,57|0,01|"M|7|V"
9923|"Chertan"|61,5|2628|0,2|0,7|0,06|"M|0|V"
1975|"Tianguan"|329|2722|0,4|0,54|0,07|"M|1|V"
1523|"Toliman"|499,51|2709|0,2|0,47|0,05|"M|4|V"
3795|"Maasym"|859,919|2934|0,3|0,49|0,08|"M|5|V"
9156|"Quantum Radiance"|327|4127|0,7|0,77|0,29|"K|4|V"
6058|"Quantraflux"|216,577|2770|0,3|0,29|0,07|"M|1|V"
8807|"Cervantes"|461,382|2733|0,4|0,38|0,07|"M|3|V"
3483|"Geisha's Mirage"|2970|2522|0,3|0,68|0,08|"M|3|V"
6876|"Penumbralix"|650|3231|0,1|0,69|0,04|"M|2|V"
1019|"Cursa"|79,7634|4070|0,5|0,88|0,29|"K|6|V"
5626|"Phantasma"|1950|2744|0,1|0,01|0,05|"M|2|V"
9414|"Selene's Whimsy"|1107|2626|0,1|0,61|0,05|"M|6|V"
2056|"Mimosa"|984,187|3051|0,3|0,15|0,06|"M|3|V"
5618|"Pharaoh's Reverie"|19,8|4191|0,6|0,8|0,51|"K|2|V"
9279|"Alnasl"|85,56|2567|0,4|0,02|0,04|"M|1|V"
709|"Wurren"|65,1769|5621|0,9|0,98|0,78|"G|2|V"
8408|"Kōri Resonance"|4,69|3856|0,7|0,9|0,6|"K|5|V"
1937|"Radiantara"|1149,95|2837|0,4|0,41|0,04|"M|3|V"
22|"Solstara"|50,3|3402|0,4|0,18|0,01|"M|2|V"
178|"Whalecaller"|257,8|3858|0,6|0,9|0,54|"K|3|V"
9282|"Darkonium"|945,775|2663|0,4|0,23|0,02|"M|4|V"
145|"Nebula Whisper"|2132,2|4337|0,7|0,72|0,26|"K|2|V"
3824|"Kaminari Enigma"|1446,97|3752|0,8|0,71|0,28|"K|7|V"
6503|"Musica"|100,9|2653|0,1|0,53|0,02|"M|6|V"
1979|"Setsuna"|32,56|2828|0,4|0,12|0,01|"M|0|V"
4541|"Nocturnal Silence"|969,462|2549|0,4|0,59|0,03|"M|3|V"
9812|"Tureis"|175,84|2470|0,3|0,57|0,06|"M|2|V"
5198|"Beid"|1204,54|2539|0,2|0,21|0,01|"M|8|V"
3554|"Ryusei Radiance"|328,007|2519|0,1|0,18|0,07|"M|2|V"
2682|"Keid"|380,6|2752|0,3|0,02|0,07|"M|2|V"
1069|"Ephemeral Phoenix"|10,2295|3839|0,6|0,72|0,35|"K|5|V"
2896|"Rimeblade"|674,627|2508|0,4|0,09|0,03|"M|8|V"
3269|"Muspelheim"|301,676|2717|0,4|0,17|0,07|"M|5|V"
9405|"Comet Shroud"|290,324|2476|0,4|0,62|0,05|"M|8|V"
1916|"Comet Veil"|68,4|5222|1|1,03|1,14|"G|2|V"
2771|"Alkes"|735,9|2745|0,4|0,33|0,02|"M|0|V"
7319|"Geisha's Echo"|184,8|3100|0,3|0,33|0,02|"M|3|V"
7937|"Helian Nebula"|82,8|3453|0,4|0,61|0,08|"M|1|V"
1485|"Frostbinder"|116,34|2560|0,2|0,38|0,03|"M|3|V"
3156|"Ecliptara"|461,361|5614|0,9|1,02|1,08|"G|2|V"
3986|"Inari's Cascade"|120,5|2681|0,3|0,32|0,07|"M|2|V"
3823|"Athebyne"|390,8|3740|0,7|0,9|0,11|"K|6|V"
5949|"Ogma"|1106,61|4148|0,5|0,91|0,59|"K|6|V"
2597|"Symbionara"|710|2625|0,3|0,42|0,01|"M|4|V"
3580|"Koi Horizon"|7880|2985|0,3|0,41|0,04|"M|2|V"
421|"Electra"|1240|2507|0,3|0,46|0,05|"M|5|V"
2316|"Cosmaronix"|1031,89|5738|0,9|1,14|0,66|"G|2|V"
331|"Avior"|11,0143|4189|0,6|0,8|0,4|"K|5|V"
4358|"Quantumara"|17,9352|2600|0,3|0,62|0,07|"M|7|V"
4260|"Galactrix"|96,2338|3004|0,2|0,36|0,05|"M|0|V"
561|"Zenitharian"|57,1|4037|0,6|0,72|0,34|"K|2|V"
5522|"Obsidian Threshold"|393|5345|0,9|1,07|0,66|"G|2|V"
1171|"Fomalhaut"|338,364|2867|0,2|0,69|0,01|"M|1|V"
8160|"Gienah"|5,58|2892|0,1|0,53|0,01|"M|0|V"
7036|"Deneb"|19,89|2531|0,4|0,22|0|"M|4|V"
3789|"Celestial Ember"|7580|3260|0,1|0,54|0,01|"M|1|V"
9366|"Kagayaki"|288,94|2716|0,3|0,08|0,03|"M|3|V"
9592|"Albaldah"|421,636|2820|0,1|0,19|0,07|"M|5|V"
9517|"Markab"|499,35|4478|0,6|0,86|0,38|"K|3|V"
9893|"Ephemeral Abyss"|964,506|2466|0,3|0,61|0,06|"M|7|V"
263|"Amaterasu"|38,1|2679|0,3|0,38|0,05|"M|2|V"
2377|"Alshat"|806|2487|0,1|0,31|0,07|"M|0|V"
1048|"Auroraflame"|844,99|2685|0,2|0,45|0,02|"M|5|V"
2226|"Lurking Whispers"|1385,23|5299|1|0,98|1,18|"G|2|V"
8315|"Mouhoun"|52,9|4042|0,7|0,79|0,23|"K|5|V"
8048|"Geisha's Whisper"|63,69|4624|0,6|0,81|0,09|"K|2|V"
803|"Alphecca"|632,551|3872|0,5|0,88|0,43|"K|2|V"
5339|"Nebulonix"|7020|3028|0,2|0,35|0,01|"M|2|V"
3000|"Atakoraka"|595,331|2538|0,4|0,04|0,02|"M|3|V"
7328|"Elgafar"|804,246|3814|0,7|0,8|0,28|"K|6|V"
117|"Infinite Whispers"|914,578|3196|0,4|0,18|0,02|"M|3|V"
2467|"Adhafera"|40,12|2810|0,2|0,66|0,07|"M|2|V"
4938|"Shinju"|1670|4278|0,5|0,92|0,23|"K|3|V"
4197|"Aldulfin"|1400|2417|0,1|0,48|0,05|"M|7|V"
4146|"Merope"|8200|3739|0,7|0,8|0,11|"K|0|V"
3682|"Inazuma"|43,52|3867|0,8|0,75|0,29|"K|6|V"
1381|"Kang"|416,5|3526|0,4|0,48|0,06|"M|1|V"
6530|"Shogun's Resonance"|56,12|2533|0,1|0,54|0,02|"M|2|V"
8927|"Bonsai Silence"|5100|2439|0,2|0,07|0,04|"M|6|V"
5236|"Hassaleh"|856,458|2670|0,3|0,66|0,03|"M|7|V"
1477|"Frostfang"|586,2|2402|0,2|0,45|0,07|"M|8|V"
1500|"Lich"|3320|3774|0,5|0,89|0,25|"K|5|V"
1940|"Nova Cascade"|1197,63|2730|0,3|0,6|0,03|"M|4|V"
3472|"Aegis Cryptic"|1431|4008|0,6|0,77|0,6|"K|6|V"
7367|"Inazuma Shadows"|17,6316|2433|0,4|0,01|0|"M|8|V"
8521|"Arcanum Flux"|31,93|5704|0,9|0,98|1,16|"G|2|V"
7988|"Acubens"|958,1|3811|0,8|0,86|0,16|"K|7|V"
2861|"Astral Echo"|129,7|2990|0,1|0,52|0|"M|2|V"
1256|"Rōka"|7120|3939|0,5|0,89|0,09|"K|6|V"
9489|"Nosaxa"|769,882|3261|0,4|0,05|0|"M|3|V"
7345|"Aurum Obscura"|1646,09|3053|0,3|0,22|0,05|"M|1|V"
1002|"Horus' Gaze"|315,906|2532|0,1|0,6|0,06|"M|5|V"
3990|"Caelus Cipher"|69,3649|4319|0,6|0,92|0,41|"K|2|V"
7636|"Helvetios"|171,6|2648|0,1|0,06|0,04|"M|5|V"
5258|"Merga"|93,2|3628|0,1|0,14|0,05|"M|0|V"
6295|"Samurai's Ember"|39,4|4404|0,6|0,8|0,2|"K|2|V"
990|"Aetherion"|396,9|2440|0,4|0,64|0,02|"M|3|V"
6153|"Kiri Horizon"|93|4367|0,8|0,79|0,16|"K|0|V"
3768|"Lunarisol"|162,408|2911|0,3|0,58|0,02|"M|5|V"
2744|"Skaldspark"|11,8893|2669|0,3|0,14|0,03|"M|1|V"
9008|"Bellatrix"|721,8132|3762|0,5|0,79|0,1|"K|3|V"
7412|"Tsuki's Nebula"|135|4692|0,7|0,7|0,48|"K|2|V"
6224|"Sakura Radiance"|37,38|2660|0,1|0,07|0,06|"M|2|V"
2554|"Shogun's Loom"|818|4000|0,5|0,93|0,28|"K|6|V"
4431|"Situla"|134|2474|0,4|0,24|0,05|"M|3|V"
9781|"Nervia"|295,293|2925|0,1|0,62|0,01|"M|2|V"
4704|"Alcyone"|10,9816|3165|0,3|0,65|0,02|"M|3|V"
2895|"Helixar"|219|2566|0,1|0,24|0,01|"M|5|V"
1885|"Axólotl"|1107,67|3217|0,4|0,16|0|"M|0|V"
6421|"Arneb"|1167,82|4540|0,7|0,91|0,32|"K|3|V"
532|"Hanabi"|30,9|5208|0,8|1,11|1,41|"G|5|V"
2248|"Astral Mirage"|8500|5486|0,9|1,03|1,44|"G|4|V"
4527|"Tenshi Echoes"|1062,4|2701|0,1|0,65|0,03|"M|2|V"
5105|"Quantum Gaze"|374,827|2683|0,4|0,5|0,04|"M|2|V"
5749|"Obelisk Shadows"|410,24|3194|0,4|0,29|0,04|"M|2|V"
7117|"Scarabian Horizon"|1038,21|2495|0,1|0,08|0|"M|2|V"
9658|"Nebuloria"|338,8|3140|0,2|0,47|0,04|"M|0|V"
3102|"Solaris Shroud"|245,5|2603|0,3|0,46|0,02|"M|5|V"
9173|"Vortexith"|263,4|3111|0,2|0,44|0,05|"M|3|V"
728|"Pherkad"|2070|3755|0,6|0,87|0,34|"K|7|V"
7067|"Phecda"|113,048|4124|0,7|0,75|0,39|"K|2|V"
9476|"Celestara"|423,513|2555|0,2|0,63|0,07|"M|4|V"
7570|"Solarionis"|841|3119|0,3|0,19|0,03|"M|1|V"
7919|"Ebon Crypt"|68,81|3296|0,3|0,56|0,07|"M|2|V"
9663|"Galaxium"|1032,74|3114|0,4|0,33|0,08|"M|3|V"
1698|"Rapeto"|651,999|5344|0,8|1,06|0,79|"G|5|V"
8852|"Celestial Serenity"|67,5478|2898|0,1|0,17|0,03|"M|3|V"
9240|"Kaus Australis"|362|2727|0,3|0,56|0,06|"M|3|V"
9520|"Ronin's Cascade"|622,67|5615|0,9|0,96|0,76|"G|4|V"
8169|"Skyforged"|1100|2562|0,2|0,62|0,06|"M|6|V"
7128|"Mebsuta"|74,94|2555|0,4|0,47|0,04|"M|0|V"
2617|"Astrobane"|112,5|3432|0,3|0,38|0,03|"M|0|V"
8749|"Moriah"|289,54|2620|0,2|0,61|0,01|"M|5|V"
8131|"Tesserion"|96,25|2481|0,1|0,28|0,03|"M|8|V"
7207|"Tapecue"|577,267|3077|0,2|0,39|0,05|"M|3|V"
5001|"Lunacara"|229|4712|0,5|0,83|0,45|"K|2|V"
9551|"Olympus Anomaly"|293,617|2891|0,4|0,51|0,06|"M|1|V"
1969|"Radiancea"|1330|2655|0,4|0,53|0|"M|4|V"
6475|"Zibal"|252,64|4645|0,8|0,82|0,34|"K|2|V"
5305|"Orion's Elegance"|1571,34|2594|0,3|0,2|0,04|"M|7|V"
9133|"Riftwarder"|368,31|3901|0,7|0,94|0,58|"K|2|V"
5663|"Bunda"|272,3|2518|0,4|0,52|0,05|"M|4|V"
9859|"Yugure Radiance"|603,865|4094|0,6|0,74|0,23|"K|3|V"
3302|"Aurum Quasar"|483|5714|0,9|1,1|1,25|"G|2|V"
7152|"Cosmaraith"|3090|2721|0,3|0,36|0,01|"M|5|V"
8762|"Helionyx"|38,9|3795|0,7|0,77|0,4|"K|0|V"
5798|"Alcor"|345,84|2486|0,1|0,59|0,07|"M|4|V"
2652|"Umi Celestial"|420,239|2575|0,4|0,66|0|"M|2|V"
2200|"Quasar Seraph"|651,31|4123|0,5|0,89|0,57|"K|0|V"
5220|"Alula Australis"|904,702|4226|0,6|0,86|0,22|"K|5|V"
6481|"Cosmic Whispers"|51,7|4300|0,5|0,84|0,34|"K|5|V"
9851|"Sorairo Mirage"|34|2865|0,1|0,24|0,03|"M|4|V"
7911|"Lionrock"|208,7378|2590|0,4|0,11|0|"M|1|V"
471|"Sansuna"|1314,51|3079|0,1|0,37|0,03|"M|1|V"
3714|"Runeblade"|339,3627|2755|0,4|0,28|0,02|"M|1|V"
71|"Kaffaljidhma"|532,955|2846|0,3|0,29|0,07|"M|5|V"
7630|"Wasat"|309,645|3105|0,3|0,11|0,06|"M|3|V"
8242|"Matar"|290,646|2628|0,1|0,69|0,07|"M|7|V"
5319|"Umbra Veil"|273,24|2711|0,4|0,68|0,01|"M|5|V"
381|"Spectral Threshold"|935,366|5281|0,9|1|0,78|"G|4|V"
8859|"Sekhmet's Resonance"|1106,32|2775|0,4|0,42|0,02|"M|1|V"
7938|"Almach"|215|2627|0,3|0,05|0,01|"M|6|V"
8849|"Nashira"|769,112|4548|0,8|0,92|0,18|"K|3|V"
1453|"Stellarastra"|58,36|3178|0,4|0,35|0,05|"M|2|V"
2093|"Alula Borealis"|309,329|2564|0,2|0,12|0,07|"M|6|V"
2314|"Tōku Echoes"|969,556|2548|0,3|0,49|0|"M|3|V"
4415|"Ignitara"|611,845|2570|0,2|0,46|0,03|"M|7|V"
1398|"Dracothra"|30,7|2754|0,1|0,06|0,03|"M|2|V"
738|"Hikari Gaze"|387,252|4300|0,5|0,94|0,18|"K|3|V"
6266|"Alsciaukat"|383,846|5805|0,9|1,01|1,42|"G|2|V"
3237|"Zephyriax"|723,97|4397|0,7|0,73|0,52|"K|3|V"
7417|"Saclateni"|372,5|2648|0,3|0,68|0,04|"M|5|V"
7885|"Tarazed"|628,417|2440|0,4|0,57|0,06|"M|2|V"
1887|"Petra"|52,5|3985|0,8|0,88|0,4|"K|6|V"
2543|"Ombria"|41,4|2963|0,3|0,07|0,01|"M|3|V"
4810|"Ma'at's Celestial"|369,8|3705|0,5|0,85|0,17|"K|5|V"
9882|"Solarion"|88,9|5564|1|1,1|0,97|"G|2|V"
5873|"Aetherionis"|201,2|2602|0,2|0,23|0,07|"M|5|V"
377|"Mönch"|677,736|3911|0,7|0,96|0,59|"K|6|V"
2654|"Násti"|651,763|2769|0,1|0,67|0,03|"M|4|V"
9554|"Yed Prior"|356,024|2532|0,3|0,18|0,01|"M|8|V"
401|"Quantronix"|287,23|3915|0,6|0,91|0,49|"K|6|V"
4555|"Horus' Resonance"|1081,43|2490|0,1|0,53|0,06|"M|7|V"
3453|"Chechia"|1191,19|2654|0,1|0,37|0,01|"M|6|V"
8640|"Heliosys"|392,711|3958|0,8|0,71|0,43|"K|3|V"
7202|"Galactic Ember"|619,4252|2686|0,4|0,2|0,04|"M|4|V"
9024|"Diphda"|115,557|2958|0,3|0,59|0,04|"M|1|V"
786|"Ombraflux"|865,2|4884|0,6|0,76|0,26|"K|0|V"
758|"Botein"|30,3288|2991|0,3|0,1|0,03|"M|2|V"
4355|"Haruka"|38,11|2719|0,3|0,19|0,02|"M|2|V"
427|"Cosmosis"|47,1|3888|0,8|0,85|0,34|"K|3|V"
821|"Yugen"|272|4762|0,6|0,8|0,35|"K|0|V"
8209|"Ebon Depths"|647,585|2787|0,3|0,11|0,06|"M|2|V"
6595|"Sphinx Nebula"|235,74|4223|0,6|0,92|0,19|"K|5|V"
4293|"Kōri"|1510|2590|0,3|0,2|0,04|"M|6|V"
5506|"Mjoltr"|28,8|3086|0,4|0,52|0,04|"M|2|V"
8826|"Darkonix"|919,62|2425|0,4|0,4|0,01|"M|0|V"
292|"Hikari Nebula"|14,0078|2502|0,4|0,58|0,06|"M|8|V"
4156|"Ma'at's Silence"|1258,81|2463|0,4|0,01|0,08|"M|7|V"
2713|"Ran"|95,08|2496|0,1|0,05|0,07|"M|8|V"
9291|"Lyra"|1780,6268|2642|0,1|0,51|0,08|"M|1|V"
1633|"Albali"|1607,46|5274|0,9|1,08|0,68|"G|4|V"
3778|"Cosmic Gaze"|53,622|4090|0,5|0,85|0,36|"K|3|V"
7107|"Skybreaker"|717,978|2593|0,4|0,58|0,02|"M|3|V"
4085|"Paikauhale"|75,1691|2855|0,1|0,1|0,03|"M|1|V"
1917|"Veritate"|1436,58|4022|0,8|0,96|0,41|"K|5|V"
4053|"Intercrus"|704,473|4017|0,7|0,8|0,4|"K|0|V"
8152|"Bonsai Gaze"|226,3|4167|0,7|0,81|0,42|"K|5|V"
63|"Sika"|767,15|2486|0,2|0,43|0|"M|8|V"
9243|"Nikawiy"|999,5|4184|0,7|0,81|0,59|"K|0|V"
844|"Luminous Nexus"|17,17|3416|0,3|0,49|0,04|"M|1|V"
4199|"Infinite Iris"|90,29|2848|0,2|0,37|0,08|"M|0|V"
7472|"Horna"|153,86|2626|0,2|0,11|0,06|"M|1|V"
5168|"Orionara"|1281,72|2725|0,3|0,19|0,05|"M|2|V"
4305|"Copernicus"|28,49|3094|0,3|0,32|0,08|"M|3|V"
2656|"Skjoldr"|954|2793|0,3|0,47|0,03|"M|3|V"
4986|"Miram"|864,68|3241|0,2|0,24|0,02|"M|2|V"
5400|"Minchir"|338,19|4103|0,6|0,77|0,29|"K|5|V"
2196|"Fuyue"|84,5362|4737|0,8|0,77|0,23|"K|2|V"
1743|"Tesserara"|773,13|4022|0,7|0,86|0,35|"K|2|V"
9716|"Isis Threshold"|1017,85|4754|0,6|0,72|0,57|"K|1|V"
8645|"Alioth"|159,05|2903|0,2|0,34|0,07|"M|3|V"
8436|"Aludra"|17,56|2549|0,1|0,6|0,02|"M|4|V"
9072|"La Superba"|45,93|2988|0,1|0,35|0,06|"M|1|V"
9358|"Gudja"|305|2964|0,4|0,55|0,02|"M|3|V"
1923|"Chamukuy"|1101,08|4997|0,6|0,95|0,49|"K|0|V"
8042|"Furud"|6640|3090|0,1|0,35|0,05|"M|1|V"
3461|"Tuiren"|13,523|2639|0,1|0,01|0,03|"M|0|V"
2960|"Ra's Echo"|26,03|2791|0,4|0,65|0,01|"M|5|V"
3093|"Kamikaze Resonance"|35,9|3039|0,1|0,61|0,08|"M|3|V"
5678|"Nebula Radiance"|1491,87|2875|0,2|0,51|0,02|"M|2|V"
7955|"Khambalia"|800,769|3789|0,5|0,86|0,29|"K|0|V"
7788|"Astromara"|69,61|2942|0,2|0,07|0,04|"M|3|V"
4248|"Celestrium"|270|2736|0,3|0,54|0,06|"M|6|V"
4625|"Bastet's Silence"|137,2|2539|0,3|0,12|0,03|"M|7|V"
3266|"Lesath"|181,63|3097|0,2|0,19|0,05|"M|2|V"
4995|"Nebula Nexus"|591,74|2516|0,4|0,4|0,05|"M|5|V"
7643|"Uruk"|441,1|3808|0,7|0,86|0,39|"K|7|V"
8864|"Astrylis"|5400|3547|0,2|0,3|0,01|"M|1|V"
2537|"Atlas"|36|5663|1|1,01|0,65|"G|2|V"
9504|"Cryptic Shadows"|1576,29|3166|0,3|0,19|0,01|"M|2|V"
7533|"Koeia"|31,07|3230|0,3|0,56|0,01|"M|3|V"
4517|"Uchū Veil"|625,586|3701|0,6|0,84|0,45|"K|5|V"
8332|"Torcular"|326,8|4889|0,6|0,86|0,28|"K|1|V"
5980|"Eclipsix"|1363,19|2674|0,3|0,56|0,02|"M|3|V"
1389|"Wolfheart"|1509,084|5473|1|1,07|1,25|"G|2|V"
6059|"Aniara"|489,368|2511|0,2|0,63|0,06|"M|3|V"
8043|"Quanticus"|372,176|3105|0,4|0,14|0|"M|1|V"
8932|"Galacticon"|1361,66|4109|0,6|0,79|0,09|"K|5|V"
9162|"Alnair"|513,452|2650|0,1|0,62|0,03|"M|2|V"
7274|"Torii Beacon"|771,43|5643|0,9|1,01|0,96|"G|2|V"
8925|"Kawa"|37,99|3213|0,2|0,65|0,04|"M|3|V"
3486|"Mizar"|2500|5773|0,8|1,1|1,44|"G|2|V"
9416|"Pleione"|1307,52|2436|0,2|0,47|0,07|"M|6|V"
5559|"Acamar"|353,6|3346|0,4|0,24|0,06|"M|2|V"
6159|"Phact"|28,6|2692|0,2|0,2|0,01|"M|1|V"
569|"Mirzam"|139,6|2715|0,4|0,43|0,05|"M|4|V"
2254|"Ainalrami"|1174,95|3026|0,4|0,61|0,02|"M|3|V"
7577|"Starlight Haven"|79,067|4020|0,8|0,84|0,19|"K|7|V"
5179|"Pulsarianix"|1444,46|3883|0,6|0,86|0,38|"K|7|V"
3195|"Alasia"|351|2494|0,2|0,66|0,05|"M|4|V"
2227|"Felixvarela"|841,11|4406|0,5|0,79|0,09|"K|2|V"
8862|"Unurgunite"|1550,15|4083|0,5|0,7|0,39|"K|6|V"
5761|"Uzumaki Celestial"|49,95|2899|0,2|0,2|0,01|"M|4|V"
1209|"Vortexion"|248,373|2511|0,4|0,47|0,01|"M|8|V"
7952|"Azha"|396,2|4410|0,8|0,72|0,22|"K|2|V"
7719|"Koi's Whisper"|58,62|2586|0,4|0,09|0|"M|2|V"
7205|"Dracoara"|1266,46|3054|0,3|0,29|0,07|"M|1|V"
8542|"Castula"|1439,2631|4908|0,5|0,87|0,23|"K|1|V"
3299|"Algol"|414,7|2689|0,2|0,28|0,06|"M|3|V"
5192|"Ronin's Veil"|207,9|2985|0,2|0,31|0,03|"M|1|V"
2795|"Frostbeard"|315,278|2433|0,2|0,65|0,04|"M|3|V"
7611|"Quanticara"|498,306|2706|0,1|0,54|0,06|"M|5|V"
5978|"Adhara"|425,369|2474|0,2|0,32|0,02|"M|3|V"
6742|"Anser"|35,8|2637|0,4|0,28|0,08|"M|5|V"
8425|"Sadachbia"|1401,35|3149|0,3|0,42|0,06|"M|1|V"
4051|"Morava"|7210|2515|0,4|0,04|0,03|"M|8|V"
8180|"Sirius"|64,6692|2416|0,2|0,4|0,03|"M|1|V"
8382|"Arcanix"|776,92|3159|0,4|0,03|0,06|"M|3|V"
17|"Zephyrion"|894,5|2468|0,3|0,61|0,02|"M|8|V"
9259|"Bastet's Mirage"|866,331|2494|0,3|0,25|0,08|"M|2|V"
744|"Quasar Nova"|322,144|4448|0,6|0,82|0,36|"K|2|V"
2778|"Nebulium"|496,8|2472|0,2|0,47|0,05|"M|3|V"
8061|"Hannya's Expanse"|610,01|5297|0,8|1,1|1,49|"G|5|V"
8635|"Haruka Echoes"|32,3|4187|0,7|0,93|0,21|"K|5|V"
2590|"Ukiyo Reverie"|239,289|2802|0,4|0,57|0,01|"M|4|V"
8528|"Ankh Horizon"|1159|5674|0,8|1,14|0,66|"G|2|V"
273|"Sham"|2510|5249|0,8|1,12|0,97|"G|5|V"
6903|"Xuange"|786,287|4574|0,6|0,86|0,44|"K|2|V"
7370|"Poerava"|71,4|3160|0,3|0,21|0,03|"M|2|V"
3289|"Abyssal Echo"|356,41|2790|0,3|0,59|0,07|"M|3|V"
1491|"Cosmaraud"|22,0016|2703|0,1|0,34|0,05|"M|2|V"
6462|"Gomeisa"|39,08|2681|0,4|0,65|0,05|"M|7|V"
6318|"Oakenshield"|364,9|2666|0,3|0,01|0|"M|5|V"
9759|"Alhena"|99,9|4174|0,8|0,81|0,16|"K|2|V"
4947|"Bubup"|1008,27|3173|0,3|0,43|0,01|"M|2|V"
440|"Hikari"|7000|5196|0,7|0,8|0,12|"K|0|V"
9644|"Lyraflux"|63,71|2831|0,2|0,26|0,04|"M|6|V"
2511|"Nebulous Silence"|968,429|4170|0,7|0,8|0,33|"K|3|V"
9880|"Titanic Mirage"|313|5549|1|1|0,84|"G|4|V"
7426|"Bharani"|288,7|2438|0,1|0,55|0,07|"M|3|V"
1328|"Penumbrion"|320,336|3705|0,6|0,93|0,16|"K|3|V"
7863|"Shizuku Seraph"|467,792|2700|0,4|0|0,06|"M|4|V"
336|"Nyxian Whispers"|641,437|2541|0,1|0,4|0,01|"M|4|V"
2125|"Asterion Enigma"|1125,87|2441|0,4|0,51|0,05|"M|1|V"
1518|"Titawin"|557,993|2476|0,3|0,2|0,04|"M|1|V"
8575|"Etherios"|1067,92|2776|0,4|0,06|0|"M|3|V"
